<?xml version="1.0" encoding="UTF-8"?>
<GenRun Id="impl_1" LaunchPart="xc7s25csga324-1" LaunchTime="1698434716">
  <File Type="PA-TCL" Name="PWM_Controller.tcl"/>
  <File Type="REPORTS-TCL" Name="PWM_Controller_reports.tcl"/>
  <File Type="BITSTR-MSK" Name="PWM_Controller.msk"/>
  <File Type="RDI-RDI" Name="PWM_Controller.vdi"/>
  <File Type="BG-BIT" Name="PWM_Controller.bit"/>
  <File Type="BG-DRC" Name="PWM_Controller.drc"/>
  <File Type="BG-BGN" Name="PWM_Controller.bgn"/>
  <File Type="BG-BIN" Name="PWM_Controller.bin"/>
  <File Type="BITSTR-RBT" Name="PWM_Controller.rbt"/>
  <File Type="BITSTR-NKY" Name="PWM_Controller.nky"/>
  <File Type="BITSTR-BMM" Name="PWM_Controller_bd.bmm"/>
  <File Type="BITSTR-MMI" Name="PWM_Controller.mmi"/>
  <File Type="BITSTR-SYSDEF" Name="PWM_Controller.sysdef"/>
  <File Type="BITSTR-LTX" Name="debug_nets.ltx"/>
  <File Type="BITSTR-LTX" Name="PWM_Controller.ltx"/>
  <File Type="RCFI_FILE" Name="PWM_Controller.rcfi"/>
  <File Type="WBT-USG" Name="usage_statistics_webtalk.html"/>
  <File Type="OPT-HWDEF" Name="PWM_Controller.hwdef"/>
  <File Type="PLACE-PRE-SIMILARITY" Name="PWM_Controller_incremental_reuse_pre_placed.rpt"/>
  <File Type="ROUTE-DCP" Name="PWM_Controller_routed.dcp"/>
  <File Type="ROUTE-ERROR-DCP" Name="PWM_Controller_routed_error.dcp"/>
  <File Type="ROUTE-BLACKBOX-DCP" Name="PWM_Controller_routed_bb.dcp"/>
  <File Type="ROUTE-TIMING-PB" Name="PWM_Controller_timing_summary_routed.pb"/>
  <File Type="OPT-DCP" Name="PWM_Controller_opt.dcp"/>
  <File Type="PLACE-DCP" Name="PWM_Controller_placed.dcp"/>
  <File Type="PWROPT-DCP" Name="PWM_Controller_pwropt.dcp"/>
  <File Type="POSTPLACE-PWROPT-DCP" Name="PWM_Controller_postplace_pwropt.dcp"/>
  <File Type="PHYSOPT-DCP" Name="PWM_Controller_physopt.dcp"/>
  <File Type="POSTROUTE-PHYSOPT-DCP" Name="PWM_Controller_postroute_physopt.dcp"/>
  <File Type="POSTROUTE-PHYSOPT-BLACKBOX-DCP" Name="PWM_Controller_postroute_physopt_bb.dcp"/>
  <File Type="PDI-FILE" Name="PWM_Controller.pdi"/>
  <File Type="CFI_FILE" Name="PWM_Controller.cfi"/>
  <File Type="RNPI_FILE" Name="PWM_Controller.rnpi"/>
  <File Type="NPI_FILE" Name="PWM_Controller.npi"/>
  <File Type="RBD_FILE" Name="PWM_Controller.rbd"/>
  <FileSet Name="sources" Type="DesignSrcs" RelSrcDir="$PSRCDIR/sources_1">
    <Filter Type="Srcs"/>
    <File Path="$PSRCDIR/sources_1/new/task_1.vhd">
      <FileInfo>
        <Attr Name="UsedIn" Val="synthesis"/>
        <Attr Name="UsedIn" Val="simulation"/>
      </FileInfo>
    </File>
    <File Path="$PSRCDIR/sources_1/new/pwm.vhd">
      <FileInfo>
        <Attr Name="AutoDisabled" Val="1"/>
        <Attr Name="UsedIn" Val="synthesis"/>
        <Attr Name="UsedIn" Val="simulation"/>
      </FileInfo>
    </File>
    <Config>
      <Option Name="DesignMode" Val="RTL"/>
      <Option Name="TopModule" Val="PWM_Controller"/>
    </Config>
  </FileSet>
  <FileSet Name="constrs_in" Type="Constrs" RelSrcDir="$PSRCDIR/constrs_1">
    <Filter Type="Constrs"/>
    <Config>
      <Option Name="ConstrsType" Val="XDC"/>
    </Config>
  </FileSet>
  <FileSet Name="utils" Type="Utils" RelSrcDir="$PSRCDIR/utils_1">
    <Filter Type="Utils"/>
    <Config>
      <Option Name="TopAutoSet" Val="TRUE"/>
    </Config>
  </FileSet>
  <Strategy Version="1" Minor="2">
    <StratHandle Name="Vivado Implementation Defaults" Flow="Vivado Implementation 2020"/>
    <Step Id="init_design"/>
    <Step Id="opt_design"/>
    <Step Id="power_opt_design"/>
    <Step Id="place_design"/>
    <Step Id="post_place_power_opt_design"/>
    <Step Id="phys_opt_design"/>
    <Step Id="route_design"/>
    <Step Id="post_route_phys_opt_design"/>
    <Step Id="write_bitstream"/>
    <Step Id="write_device_image"/>
  </Strategy>
</GenRun>
